Type,Results
Linear,"[np.float64(-3.1337812854844387), np.float64(-3.1491381817597706), np.float64(-3.155296300141125), np.float64(-3.176731953462161), np.float64(-3.1960349230691127), np.float64(-3.2167283506711914), np.float64(-3.2387088615007116), np.float64(-3.244620631555737), np.float64(-3.2483977623362836), np.float64(-3.3068241365175606), np.float64(-3.3177620828974366), np.float64(-3.349839698193257), np.float64(-3.3714519355380794), np.float64(-3.3846371546615366), np.float64(-3.4123869017935835), np.float64(-3.420689273896306), np.float64(-3.4489610170679175), np.float64(-3.452198481102025), np.float64(-3.515762319938453), np.float64(-3.522218893790445), np.float64(-3.550991473748926), np.float64(-3.584004135855764), np.float64(-3.6361965815331807), np.float64(-3.6480655147246654)]"
Linear,"[np.float64(-3.142081921750809), np.float64(-3.1426114465853736), np.float64(-3.177222404107204), np.float64(-3.185015927598265), np.float64(-3.1947499316485866), np.float64(-3.206454918345118), np.float64(-3.2413832425933453), np.float64(-3.2613418533097462), np.float64(-3.2719135471017893), np.float64(-3.303985758717406), np.float64(-3.2970450492380188), np.float64(-3.3501173233702257), np.float64(-3.354460473141584), np.float64(-3.382058856629241), np.float64(-3.406847156605446), np.float64(-3.4279479196022926), np.float64(-3.4557473613755185), np.float64(-3.478798478877348), np.float64(-3.499326432499471), np.float64(-3.5280531868953346), np.float64(-3.5694193899789983), np.float64(-3.5882964657940395), np.float64(-3.6264215171579135), np.float64(-3.6499975402994274)]"
Linear,"[np.float64(-3.1306034690440745), np.float64(-3.157751909210992), np.float64(-3.165279986800373), np.float64(-3.188598076549641), np.float64(-3.193203970165815), np.float64(-3.2176328320005343), np.float64(-3.2367453480722617), np.float64(-3.2542782100218783), np.float64(-3.289055390362261), np.float64(-3.298663113825853), np.float64(-3.320818330911827), np.float64(-3.3436042275595934), np.float64(-3.3588950937740343), np.float64(-3.3940206451959565), np.float64(-3.4095441137896927), np.float64(-3.4041521071422522), np.float64(-3.4400002642449383), np.float64(-3.4865023333377234), np.float64(-3.4988817825755802), np.float64(-3.529878171828667), np.float64(-3.5446693918601913), np.float64(-3.5867083602625165), np.float64(-3.6175391547993296), np.float64(-3.6409926488572513)]"
Linear,"[np.float64(-3.145399787586758), np.float64(-3.150989408637102), np.float64(-3.162622697202238), np.float64(-3.1827190980606), np.float64(-3.2069028176199668), np.float64(-3.2088381567147657), np.float64(-3.2202085107589866), np.float64(-3.2652568813124763), np.float64(-3.2789300649457473), np.float64(-3.313483190820378), np.float64(-3.3138120666863404), np.float64(-3.3244526552997087), np.float64(-3.362422199804902), np.float64(-3.3798981148528), np.float64(-3.3852379382130025), np.float64(-3.416846396861855), np.float64(-3.4564648056274674), np.float64(-3.5113777147197993), np.float64(-3.4824710944085755), np.float64(-3.523022006789825), np.float64(-3.555595221663417), np.float64(-3.59463003117666), np.float64(-3.622528599154931), np.float64(-3.6525832789029167)]"
Linear,"[np.float64(-3.1312650118087344), np.float64(-3.1703590744695056), np.float64(-3.1591537468242743), np.float64(-3.178835334017964), np.float64(-3.1977367212010233), np.float64(-3.215004252911065), np.float64(-3.224891691343185), np.float64(-3.2665997034934335), np.float64(-3.288789483415302), np.float64(-3.2894437111399917), np.float64(-3.3202880943049617), np.float64(-3.3337634741816977), np.float64(-3.3712649190554185), np.float64(-3.3606945941382182), np.float64(-3.3993255118583168), np.float64(-3.4409046377961854), np.float64(-3.427902692632461), np.float64(-3.469628694344104), np.float64(-3.5059869757435163), np.float64(-3.5396430188107804), np.float64(-3.566301408182289), np.float64(-3.568996140901003), np.float64(-3.631330205093011), np.float64(-3.652054387527466)]"
Linear,"[np.float64(-3.140224411668454), np.float64(-3.138962677819844), np.float64(-3.1564969842567905), np.float64(-3.1785666795696867), np.float64(-3.202477839497522), np.float64(-3.2141290442530543), np.float64(-3.235683359210256), np.float64(-3.253206192086676), np.float64(-3.2738682032543114), np.float64(-3.3010178607692566), np.float64(-3.3040577426121214), np.float64(-3.3348893505024595), np.float64(-3.347459124494815), np.float64(-3.3871676353030367), np.float64(-3.3737367299064065), np.float64(-3.443754788144057), np.float64(-3.4608495540036976), np.float64(-3.470174280776895), np.float64(-3.520020328693814), np.float64(-3.51521233240746), np.float64(-3.5615066761035177), np.float64(-3.5673477046305155), np.float64(-3.608456234189692), np.float64(-3.654735452430659)]"
Linear,"[np.float64(-3.1758180888711247), np.float64(-3.154926842501647), np.float64(-3.1498091328412023), np.float64(-3.1767991186915454), np.float64(-3.2021254078181425), np.float64(-3.2184824061092563), np.float64(-3.2200033438746978), np.float64(-3.255137782689852), np.float64(-3.2702639181505404), np.float64(-3.300767542281198), np.float64(-3.3147492588503678), np.float64(-3.3242337216919697), np.float64(-3.3580760049214113), np.float64(-3.377182465979624), np.float64(-3.394111710918919), np.float64(-3.461759369954935), np.float64(-3.446382662240829), np.float64(-3.4589789536207203), np.float64(-3.5172821348430166), np.float64(-3.5165664033720354), np.float64(-3.5563608328369014), np.float64(-3.5951475365206935), np.float64(-3.6105217001137735), np.float64(-3.6564292946668857)]"
Linear,"[np.float64(-3.1558927268911283), np.float64(-3.148359850393719), np.float64(-3.140800488628405), np.float64(-3.1775951969218372), np.float64(-3.1985467209359726), np.float64(-3.216566396705547), np.float64(-3.23097508176072), np.float64(-3.2657047024165546), np.float64(-3.2673452876032663), np.float64(-3.2861693913187793), np.float64(-3.30896664607525), np.float64(-3.3619131464632535), np.float64(-3.352732080626131), np.float64(-3.3793014125845406), np.float64(-3.4155625994970524), np.float64(-3.453407600027873), np.float64(-3.469368281748501), np.float64(-3.4701445096364427), np.float64(-3.5114473603062297), np.float64(-3.5199602991528653), np.float64(-3.5499766584341206), np.float64(-3.5937214745494437), np.float64(-3.606830002705397), np.float64(-3.648480062164543)]"
Linear,"[np.float64(-3.146390747835982), np.float64(-3.1504106664460725), np.float64(-3.157897963380245), np.float64(-3.1826655313098096), np.float64(-3.198420156411638), np.float64(-3.214666487847925), np.float64(-3.2232309758838866), np.float64(-3.251650130383604), np.float64(-3.267021795933939), np.float64(-3.3178958555712423), np.float64(-3.3112352779926297), np.float64(-3.3377855064117803), np.float64(-3.3623867139336507), np.float64(-3.4017143795893325), np.float64(-3.4149759281296124), np.float64(-3.4370125065644075), np.float64(-3.4429565785862515), np.float64(-3.489876384511083), np.float64(-3.50767236959134), np.float64(-3.5475562055080267), np.float64(-3.556893623057009), np.float64(-3.5976920488552544), np.float64(-3.6173104597540497), np.float64(-3.6536025647547206)]"
Linear,"[np.float64(-3.136819613256458), np.float64(-3.136916828762441), np.float64(-3.159024462350019), np.float64(-3.170083320211674), np.float64(-3.172714007287775), np.float64(-3.222587555719337), np.float64(-3.238869408192812), np.float64(-3.2343147784697504), np.float64(-3.2889839761556647), np.float64(-3.2979673477198457), np.float64(-3.3135518558652937), np.float64(-3.3321093974049116), np.float64(-3.3662906686345817), np.float64(-3.3939068312624894), np.float64(-3.3936844884144293), np.float64(-3.432432402238634), np.float64(-3.453337713529221), np.float64(-3.470806004908109), np.float64(-3.5038003248815457), np.float64(-3.5213791451197363), np.float64(-3.546608617294588), np.float64(-3.5950801175683047), np.float64(-3.621080661724408), np.float64(-3.648109655079006)]"
Linear,"[np.float64(-3.1694141439525705), np.float64(-3.1589182627092347), np.float64(-3.155977571597707), np.float64(-3.1729521562344356), np.float64(-3.186033726782112), np.float64(-3.219591215285991), np.float64(-3.2452405614216), np.float64(-3.254647645279052), np.float64(-3.258222412779878), np.float64(-3.311433989466556), np.float64(-3.304047541497706), np.float64(-3.344623534460574), np.float64(-3.3679293482987305), np.float64(-3.3718553577226285), np.float64(-3.398125645308509), np.float64(-3.419384586437948), np.float64(-3.443035428161739), np.float64(-3.4700711015595953), np.float64(-3.503227434431972), np.float64(-3.532050680070995), np.float64(-3.55339588898277), np.float64(-3.5785921416912707), np.float64(-3.60465547684891), np.float64(-3.653815150585732)]"
Linear,"[np.float64(-3.1416871086424276), np.float64(-3.1320304435775794), np.float64(-3.161077365907296), np.float64(-3.14850338583984), np.float64(-3.1983653516497164), np.float64(-3.192753042275359), np.float64(-3.2296822579491415), np.float64(-3.2600945554612952), np.float64(-3.2601915595652553), np.float64(-3.298975896463192), np.float64(-3.313489154652361), np.float64(-3.340986474762433), np.float64(-3.3557676220644783), np.float64(-3.370194307526548), np.float64(-3.4057418842005713), np.float64(-3.4279614327093295), np.float64(-3.4680569155796857), np.float64(-3.477835197513228), np.float64(-3.507788517536902), np.float64(-3.532620514919879), np.float64(-3.5267574892051883), np.float64(-3.574175487143828), np.float64(-3.622212851746019), np.float64(-3.6463725371045026)]"
Linear,"[np.float64(-3.152571180632169), np.float64(-3.1620734370328254), np.float64(-3.1534636133482064), np.float64(-3.1884817916609425), np.float64(-3.183678998950194), np.float64(-3.214846659432336), np.float64(-3.2155398473737087), np.float64(-3.265040313172287), np.float64(-3.274777846880511), np.float64(-3.297184321412516), np.float64(-3.3147396040088353), np.float64(-3.3372989867501346), np.float64(-3.3693316333435153), np.float64(-3.378691201446026), np.float64(-3.4084779852481315), np.float64(-3.415325428830661), np.float64(-3.4456040735643256), np.float64(-3.491154907386992), np.float64(-3.5057290495289006), np.float64(-3.507336585807197), np.float64(-3.5594441063610827), np.float64(-3.6021407503799274), np.float64(-3.6145082205704355), np.float64(-3.6443158324289584)]"
Linear,"[np.float64(-3.164457199238729), np.float64(-3.1346466022151382), np.float64(-3.1542342762321454), np.float64(-3.1758088650381016), np.float64(-3.185511680496333), np.float64(-3.202165660117588), np.float64(-3.2406255602803746), np.float64(-3.255244305489306), np.float64(-3.294894077961226), np.float64(-3.309701668722786), np.float64(-3.3179106570650205), np.float64(-3.3513511865859993), np.float64(-3.360752257432683), np.float64(-3.3744951216237986), np.float64(-3.4059006730304553), np.float64(-3.4248761485678774), np.float64(-3.4496283857400254), np.float64(-3.484645928648927), np.float64(-3.501834993601115), np.float64(-3.5262497268769977), np.float64(-3.550075855459559), np.float64(-3.584252489185321), np.float64(-3.6155335461689138), np.float64(-3.6487871788549864)]"
Linear,"[np.float64(-3.1390224757190595), np.float64(-3.166615100770173), np.float64(-3.1483267537094353), np.float64(-3.174768259971035), np.float64(-3.1867991646677423), np.float64(-3.204985171234643), np.float64(-3.24564744840003), np.float64(-3.251131916727914), np.float64(-3.2748761353538143), np.float64(-3.291433947568118), np.float64(-3.3141821273436314), np.float64(-3.3341606995400053), np.float64(-3.3680628173495144), np.float64(-3.3785617649523267), np.float64(-3.4161764507487433), np.float64(-3.42253806347842), np.float64(-3.4462294472647557), np.float64(-3.4616300632033976), np.float64(-3.483973111208554), np.float64(-3.524306764214584), np.float64(-3.55544125956874), np.float64(-3.5881787066897655), np.float64(-3.6282023857961683), np.float64(-3.6472950803422695)]"
Linear,"[np.float64(-3.1547988416391624), np.float64(-3.1351008838854613), np.float64(-3.1612158920987943), np.float64(-3.1625871478993197), np.float64(-3.183206696811018), np.float64(-3.238006394611686), np.float64(-3.238569126254662), np.float64(-3.2461511490134516), np.float64(-3.2984028117308544), np.float64(-3.3387636956260565), np.float64(-3.3222632427659384), np.float64(-3.3350113968139414), np.float64(-3.354423870002126), np.float64(-3.3786433197108963), np.float64(-3.4006950747137648), np.float64(-3.4265521342816907), np.float64(-3.441205751319897), np.float64(-3.4715649224920426), np.float64(-3.5013619359201567), np.float64(-3.546629097250877), np.float64(-3.580259240023709), np.float64(-3.5913787207339816), np.float64(-3.6095805158805643), np.float64(-3.649645396129566)]"
Linear,"[np.float64(-3.126334527479723), np.float64(-3.1558046151426904), np.float64(-3.160838681033704), np.float64(-3.1834345290746464), np.float64(-3.215149661038083), np.float64(-3.2152539172593855), np.float64(-3.2532225426689827), np.float64(-3.2648035354028675), np.float64(-3.298176762424413), np.float64(-3.3107590155148845), np.float64(-3.332156225670321), np.float64(-3.321473875599855), np.float64(-3.3539343629730265), np.float64(-3.395319894632644), np.float64(-3.40148915298526), np.float64(-3.4227734962562337), np.float64(-3.4660434429015954), np.float64(-3.4623120971688053), np.float64(-3.51006938952008), np.float64(-3.530745890371639), np.float64(-3.5565351707363533), np.float64(-3.592837089368759), np.float64(-3.6232481878978913), np.float64(-3.6521240646560873)]"
Linear,"[np.float64(-3.1384299409552217), np.float64(-3.1636748537862847), np.float64(-3.166936320276333), np.float64(-3.159614136394076), np.float64(-3.1988077401089683), np.float64(-3.2054674900816007), np.float64(-3.2259073675901657), np.float64(-3.251415953637048), np.float64(-3.267537039920052), np.float64(-3.319273821222165), np.float64(-3.304204999918962), np.float64(-3.360838735225551), np.float64(-3.377867742781845), np.float64(-3.3845612104126097), np.float64(-3.4018049333181146), np.float64(-3.411954329592005), np.float64(-3.460398356211467), np.float64(-3.447263536574237), np.float64(-3.5210183799763133), np.float64(-3.512174332425202), np.float64(-3.5648392148405534), np.float64(-3.593323150717529), np.float64(-3.6042932414893993), np.float64(-3.6554046943095972)]"
Linear,"[np.float64(-3.132208182076842), np.float64(-3.159121096998703), np.float64(-3.1469309915038517), np.float64(-3.189760491227524), np.float64(-3.2163476502008344), np.float64(-3.222082001512508), np.float64(-3.2271971109034947), np.float64(-3.256190504388739), np.float64(-3.292262938546461), np.float64(-3.307708960265371), np.float64(-3.314379321701834), np.float64(-3.3171925196608587), np.float64(-3.376882375394997), np.float64(-3.3940113505290626), np.float64(-3.38805953794618), np.float64(-3.420268350560404), np.float64(-3.4583296583978633), np.float64(-3.4918514966453706), np.float64(-3.504945600335809), np.float64(-3.5218106752845912), np.float64(-3.5440031717902887), np.float64(-3.5909469341065954), np.float64(-3.616880464485128), np.float64(-3.6580737702221224)]"
Linear,"[np.float64(-3.118643712677085), np.float64(-3.1396939165912574), np.float64(-3.156265447952288), np.float64(-3.168393939436972), np.float64(-3.2102114501693926), np.float64(-3.2047597842016806), np.float64(-3.242535899739016), np.float64(-3.2401946541613977), np.float64(-3.2804076254245818), np.float64(-3.3120311334561983), np.float64(-3.2948626140327377), np.float64(-3.322489256756109), np.float64(-3.351755308667663), np.float64(-3.3994966298538962), np.float64(-3.4093592820295413), np.float64(-3.4268162426002267), np.float64(-3.463931393310638), np.float64(-3.4761116482149212), np.float64(-3.4936485526334007), np.float64(-3.533308802784072), np.float64(-3.5543697170708395), np.float64(-3.5826751181730234), np.float64(-3.6228675996708493), np.float64(-3.653491031011635)]"
Nonlinear,"[np.float64(-3.1111679257209346), np.float64(-3.152073935273716), np.float64(-3.15867894568062), np.float64(-3.176249883269562), np.float64(-3.2134346733576677), np.float64(-3.2153880090967233), np.float64(-3.2564672911271657), np.float64(-3.2460413728498736), np.float64(-3.2449696078719557), np.float64(-3.323374408399715), np.float64(-3.327766085782713), np.float64(-3.3604723056531327), np.float64(-3.369443952384245), np.float64(-3.394528306207455), np.float64(-3.4141876911235514), np.float64(-3.4224086486793226), np.float64(-3.4523576604578565), np.float64(-3.4541251186254343), np.float64(-3.516687341528403), np.float64(-3.523234987599249), np.float64(-3.5580103264226324), np.float64(-3.5862577138182132), np.float64(-3.6354144584051937), np.float64(-3.6477937249231758)]"
Nonlinear,"[np.float64(-3.1356201167704967), np.float64(-3.1508944897904456), np.float64(-3.1852278618179355), np.float64(-3.1910793367490555), np.float64(-3.1963213534561437), np.float64(-3.2099661628672997), np.float64(-3.243113541378994), np.float64(-3.2710585271936523), np.float64(-3.268768343824971), np.float64(-3.3088763362811413), np.float64(-3.3050392771288273), np.float64(-3.3581890282439844), np.float64(-3.3610723798410618), np.float64(-3.389459109093032), np.float64(-3.4111168642571457), np.float64(-3.4338264963256364), np.float64(-3.4578873342189205), np.float64(-3.482425253279203), np.float64(-3.502179500604697), np.float64(-3.5328993458487616), np.float64(-3.569429478790486), np.float64(-3.588394137154843), np.float64(-3.626733556461197), np.float64(-3.6530989385292116)]"
Nonlinear,"[np.float64(-3.1319541951641554), np.float64(-3.162089029499512), np.float64(-3.1895838127967124), np.float64(-3.1897308980561228), np.float64(-3.206581930227408), np.float64(-3.2268738172909863), np.float64(-3.24169456274452), np.float64(-3.2524462419928843), np.float64(-3.2934155343822376), np.float64(-3.301066703227093), np.float64(-3.3268084009398393), np.float64(-3.3485555919237306), np.float64(-3.361929534061911), np.float64(-3.411814282514925), np.float64(-3.4221891162378313), np.float64(-3.4223025077348836), np.float64(-3.441995891805192), np.float64(-3.495287837603044), np.float64(-3.5103853236683875), np.float64(-3.534411375512647), np.float64(-3.550888328380509), np.float64(-3.5874540412815605), np.float64(-3.618798219131321), np.float64(-3.643859324656958)]"
Nonlinear,"[np.float64(-3.150885512615872), np.float64(-3.1533873399453114), np.float64(-3.176331535437143), np.float64(-3.2003785070651816), np.float64(-3.2290993585667565), np.float64(-3.2192338029179695), np.float64(-3.2130389275119313), np.float64(-3.2736979216059154), np.float64(-3.2825997791368593), np.float64(-3.312563889948996), np.float64(-3.32722813147668), np.float64(-3.327477540944404), np.float64(-3.359809239488098), np.float64(-3.3824463788025376), np.float64(-3.3902704643891504), np.float64(-3.4194069373103986), np.float64(-3.458675899220772), np.float64(-3.5113889556891458), np.float64(-3.4895232832141687), np.float64(-3.5288119744497664), np.float64(-3.55800508954632), np.float64(-3.594532726149552), np.float64(-3.622601810666467), np.float64(-3.651789431940955)]"
Nonlinear,"[np.float64(-3.1227432662657293), np.float64(-3.1703217673442623), np.float64(-3.179501903114655), np.float64(-3.185569537894615), np.float64(-3.2040135290607346), np.float64(-3.237136300344474), np.float64(-3.2295739281883407), np.float64(-3.2728605264926784), np.float64(-3.3008450290124998), np.float64(-3.2988365924562686), np.float64(-3.3238281299808037), np.float64(-3.334963074906497), np.float64(-3.368438440894843), np.float64(-3.3620897588509564), np.float64(-3.397034019147296), np.float64(-3.4503632008761684), np.float64(-3.434577501311047), np.float64(-3.4746911706376977), np.float64(-3.5067362928915813), np.float64(-3.547074281821466), np.float64(-3.5667964252571593), np.float64(-3.5727464297748526), np.float64(-3.6307480789363673), np.float64(-3.655746143319874)]"
Nonlinear,"[np.float64(-3.129533567000948), np.float64(-3.149171158874424), np.float64(-3.166122192191061), np.float64(-3.195462358186205), np.float64(-3.2115388917179217), np.float64(-3.213222623416386), np.float64(-3.2494194756198382), np.float64(-3.257018839274835), np.float64(-3.2995805149068502), np.float64(-3.306922494201615), np.float64(-3.2983312160515244), np.float64(-3.3372686274743124), np.float64(-3.349064454712689), np.float64(-3.3938958801277153), np.float64(-3.378845982822348), np.float64(-3.4450517627788244), np.float64(-3.466955817635153), np.float64(-3.471148903581021), np.float64(-3.526234952675253), np.float64(-3.515656377419468), np.float64(-3.5614263508436608), np.float64(-3.5714804183136124), np.float64(-3.6103866549909966), np.float64(-3.6544868648999405)]"
Nonlinear,"[np.float64(-3.1168927145086514), np.float64(-3.158215028044708), np.float64(-3.1489852007401056), np.float64(-3.1920559913486173), np.float64(-3.2167137716552787), np.float64(-3.224175799983019), np.float64(-3.2281310959283402), np.float64(-3.258148708700393), np.float64(-3.2662740278592493), np.float64(-3.3079741903350737), np.float64(-3.317201701713003), np.float64(-3.3238573511303304), np.float64(-3.3639007103381857), np.float64(-3.3803092772413805), np.float64(-3.395975181519997), np.float64(-3.462431002692476), np.float64(-3.4512362927950235), np.float64(-3.4672143522648184), np.float64(-3.517304243698277), np.float64(-3.524816510878111), np.float64(-3.5562083754819938), np.float64(-3.5958798519155195), np.float64(-3.611474440272147), np.float64(-3.656197826691546)]"
Nonlinear,"[np.float64(-3.141192270496248), np.float64(-3.164506900782925), np.float64(-3.150506843366543), np.float64(-3.1861470024071252), np.float64(-3.226344930924313), np.float64(-3.2336670531115743), np.float64(-3.23142009660609), np.float64(-3.267854850577246), np.float64(-3.2607873437074293), np.float64(-3.2821437656149115), np.float64(-3.3060973189284226), np.float64(-3.367979469230793), np.float64(-3.3542020546184546), np.float64(-3.3822439588383872), np.float64(-3.4170055516797966), np.float64(-3.459358580965649), np.float64(-3.4714013565913575), np.float64(-3.4742885328064403), np.float64(-3.516923386567754), np.float64(-3.5234119078657216), np.float64(-3.55464351646021), np.float64(-3.595384651863313), np.float64(-3.609907186385854), np.float64(-3.6511027954821316)]"
Nonlinear,"[np.float64(-3.124152978233951), np.float64(-3.1509678550204363), np.float64(-3.1673751614746237), np.float64(-3.1898084177365646), np.float64(-3.202229058473254), np.float64(-3.2430484892846323), np.float64(-3.230285808173008), np.float64(-3.2526799360747223), np.float64(-3.2572934084504475), np.float64(-3.3203871907262297), np.float64(-3.306233968544282), np.float64(-3.341460425410933), np.float64(-3.3680642841715738), np.float64(-3.4171552053587675), np.float64(-3.4241379780481864), np.float64(-3.443473824207885), np.float64(-3.448278750007468), np.float64(-3.4931113736504003), np.float64(-3.5129310390565323), np.float64(-3.5495509306091364), np.float64(-3.5600853374240273), np.float64(-3.597793742706222), np.float64(-3.6175430824842607), np.float64(-3.6531582940294385)]"
Nonlinear,"[np.float64(-3.1266108167706648), np.float64(-3.147294724074669), np.float64(-3.1618433357709232), np.float64(-3.182697903820525), np.float64(-3.174028123376292), np.float64(-3.232530727263189), np.float64(-3.238744067055592), np.float64(-3.2351416764424386), np.float64(-3.2948138729937746), np.float64(-3.292397577253892), np.float64(-3.3202881110871623), np.float64(-3.3296830726319984), np.float64(-3.372017816861728), np.float64(-3.3921858960949662), np.float64(-3.392289145702054), np.float64(-3.434933818769796), np.float64(-3.4569654158276037), np.float64(-3.4780486223565745), np.float64(-3.5129886658325375), np.float64(-3.5211028096175156), np.float64(-3.546604200108126), np.float64(-3.5971249118524184), np.float64(-3.6229619548096963), np.float64(-3.6481682321861655)]"
Nonlinear,"[np.float64(-3.167451086887354), np.float64(-3.171470610511264), np.float64(-3.1682747663884143), np.float64(-3.180258147680931), np.float64(-3.1991492512800477), np.float64(-3.2215203958246175), np.float64(-3.2719418912757874), np.float64(-3.2591914433373574), np.float64(-3.2522842503846814), np.float64(-3.309365140227827), np.float64(-3.3041701154417975), np.float64(-3.343381524328791), np.float64(-3.368704549676968), np.float64(-3.372351607392341), np.float64(-3.402236422513834), np.float64(-3.418787023072121), np.float64(-3.4477834317599445), np.float64(-3.4718011936324196), np.float64(-3.505863192536168), np.float64(-3.536364888401259), np.float64(-3.5545080388222523), np.float64(-3.5799092869556333), np.float64(-3.607843360309971), np.float64(-3.6534885817584737)]"
Nonlinear,"[np.float64(-3.1484036522752774), np.float64(-3.143037012862237), np.float64(-3.1670525324371184), np.float64(-3.155312913614715), np.float64(-3.213754956527282), np.float64(-3.2024591576646415), np.float64(-3.224847547574761), np.float64(-3.248765454595393), np.float64(-3.260276092683478), np.float64(-3.30989502221518), np.float64(-3.3161439936111528), np.float64(-3.3463512991832474), np.float64(-3.3691568564758683), np.float64(-3.3727518825667353), np.float64(-3.4057842146689588), np.float64(-3.433484641450235), np.float64(-3.4712379352504357), np.float64(-3.487241089614585), np.float64(-3.508909970272814), np.float64(-3.5334280718462345), np.float64(-3.5271753661792253), np.float64(-3.580109690319347), np.float64(-3.6222174528823317), np.float64(-3.6470532572410974)]"
Nonlinear,"[np.float64(-3.150401434239342), np.float64(-3.1658973228958374), np.float64(-3.1646813366989903), np.float64(-3.1855046398835256), np.float64(-3.189947376156997), np.float64(-3.2242537311535173), np.float64(-3.220292789970987), np.float64(-3.264398792189887), np.float64(-3.279129520818305), np.float64(-3.294110374832573), np.float64(-3.3261163075838738), np.float64(-3.3344404292969787), np.float64(-3.382911221228106), np.float64(-3.3852321614723238), np.float64(-3.4167795301266466), np.float64(-3.422345490478051), np.float64(-3.4485238425752414), np.float64(-3.4968653674306935), np.float64(-3.506870168557576), np.float64(-3.514439208394066), np.float64(-3.5595663371606108), np.float64(-3.6015081296487637), np.float64(-3.6150340684329336), np.float64(-3.643850232470079)]"
Nonlinear,"[np.float64(-3.16208392917423), np.float64(-3.1475796566696204), np.float64(-3.15615813197563), np.float64(-3.179234962538871), np.float64(-3.1885754992686017), np.float64(-3.1945010014621538), np.float64(-3.235175203480731), np.float64(-3.249000024676235), np.float64(-3.313777255096241), np.float64(-3.3194064755500747), np.float64(-3.3157030077726297), np.float64(-3.355302642329427), np.float64(-3.367006719403129), np.float64(-3.382983015759109), np.float64(-3.4079003708457485), np.float64(-3.433186466016373), np.float64(-3.4545800350703786), np.float64(-3.485501236966048), np.float64(-3.5083199822149638), np.float64(-3.5293574507774252), np.float64(-3.557167375871643), np.float64(-3.58813865071167), np.float64(-3.61819807153681), np.float64(-3.6474861883689726)]"
Nonlinear,"[np.float64(-3.1441691436057795), np.float64(-3.171128933100192), np.float64(-3.158949777628635), np.float64(-3.174165274829744), np.float64(-3.1897247481472597), np.float64(-3.2142677584703705), np.float64(-3.236066872491774), np.float64(-3.251088130872775), np.float64(-3.2716505971330467), np.float64(-3.2966628943781373), np.float64(-3.3158520965373857), np.float64(-3.338480230505702), np.float64(-3.369275900926679), np.float64(-3.3818716097848274), np.float64(-3.4227120552868726), np.float64(-3.4253664260342944), np.float64(-3.4489009587698973), np.float64(-3.465361141356489), np.float64(-3.486657688472498), np.float64(-3.5249101255881747), np.float64(-3.5577224796409723), np.float64(-3.5906065035415793), np.float64(-3.628209123490006), np.float64(-3.6468784093614914)]"
Nonlinear,"[np.float64(-3.156246254630247), np.float64(-3.148946655288057), np.float64(-3.1699596553550933), np.float64(-3.1789061919539847), np.float64(-3.1755910905012517), np.float64(-3.2478777155132477), np.float64(-3.2332793567753075), np.float64(-3.250543361361718), np.float64(-3.304765292211396), np.float64(-3.340456334749282), np.float64(-3.324271294149945), np.float64(-3.3419451591328766), np.float64(-3.354413781492955), np.float64(-3.3913251392597203), np.float64(-3.4013580103755583), np.float64(-3.432520789487633), np.float64(-3.4458257084021753), np.float64(-3.4770309088444407), np.float64(-3.50252135730263), np.float64(-3.5493918016390964), np.float64(-3.580204427419037), np.float64(-3.595380474664381), np.float64(-3.6129049607944808), np.float64(-3.6513146321535572)]"
Nonlinear,"[np.float64(-3.1283552261547243), np.float64(-3.160739754342181), np.float64(-3.1781507061860594), np.float64(-3.202667215011587), np.float64(-3.2369441618594976), np.float64(-3.2084370323006635), np.float64(-3.24742005359694), np.float64(-3.2676551161757708), np.float64(-3.301564552327271), np.float64(-3.32358363823397), np.float64(-3.341509421421385), np.float64(-3.3207211929285716), np.float64(-3.362227920021816), np.float64(-3.4009290596352884), np.float64(-3.410755888208641), np.float64(-3.430659865265831), np.float64(-3.4742713072445923), np.float64(-3.4747952820800805), np.float64(-3.5142435004252803), np.float64(-3.5351046623946445), np.float64(-3.5565195810536885), np.float64(-3.5972134729308323), np.float64(-3.622682001911798), np.float64(-3.652817126142942)]"
Nonlinear,"[np.float64(-3.132605026464404), np.float64(-3.1779446860923315), np.float64(-3.1794010112216853), np.float64(-3.165890800113477), np.float64(-3.2207745501383442), np.float64(-3.2022744185819825), np.float64(-3.2213351462160293), np.float64(-3.248970009206715), np.float64(-3.26533316064275), np.float64(-3.321383342574551), np.float64(-3.3000274432282763), np.float64(-3.360933027251347), np.float64(-3.3837825842987286), np.float64(-3.3906097168796094), np.float64(-3.407515267500443), np.float64(-3.41145399308369), np.float64(-3.4597426028742566), np.float64(-3.445137208699705), np.float64(-3.523897181939212), np.float64(-3.5229729983082905), np.float64(-3.567010432833982), np.float64(-3.593932229055715), np.float64(-3.6127783098404933), np.float64(-3.6549011300036653)]"
Nonlinear,"[np.float64(-3.135347521770356), np.float64(-3.1709811523391807), np.float64(-3.1605170461099874), np.float64(-3.2038175232407156), np.float64(-3.2294943142068036), np.float64(-3.228904063020522), np.float64(-3.2288177226827166), np.float64(-3.2583941508158833), np.float64(-3.290992171307197), np.float64(-3.3060393167272775), np.float64(-3.321102170349832), np.float64(-3.317035841840342), np.float64(-3.38503732141627), np.float64(-3.410468258112175), np.float64(-3.3961787811609554), np.float64(-3.4239496167061674), np.float64(-3.4636271302171835), np.float64(-3.4966420889009413), np.float64(-3.5130017589187617), np.float64(-3.52427051133202), np.float64(-3.545805170207842), np.float64(-3.5937205370822625), np.float64(-3.619973534916255), np.float64(-3.6595254464406253)]"
Nonlinear,"[np.float64(-3.1129283354677284), np.float64(-3.1429312382760983), np.float64(-3.1737391692979173), np.float64(-3.1769413478920043), np.float64(-3.229658566953546), np.float64(-3.2275388839359636), np.float64(-3.2464309314536486), np.float64(-3.2426225243754097), np.float64(-3.2822648991432963), np.float64(-3.3159546768552133), np.float64(-3.2925315849164307), np.float64(-3.3235082968420304), np.float64(-3.355094330070191), np.float64(-3.4147021463766407), np.float64(-3.421793997011619), np.float64(-3.4256866963155392), np.float64(-3.4672118332313886), np.float64(-3.48134100739054), np.float64(-3.497119167816031), np.float64(-3.539955971502593), np.float64(-3.5574385436924416), np.float64(-3.5835454105340006), np.float64(-3.624407478690827), np.float64(-3.6532133608812742)]"
